{
  "project_info": {
    "project_number": "644020472385",
    "firebase_url": "https://uts-lec-map-kelompok9-default-rtdb.firebaseio.com",
    "project_id": "uts-lec-map-kelompok9",
    "storage_bucket": "uts-lec-map-kelompok9.appspot.com"
  },
  "client": [
    {
      "client_info": {
        "mobilesdk_app_id": "1:644020472385:android:68560fc2ba6037843254c0",
        "android_client_info": {
          "package_name": "com.example.uts_lec_map"
        }
      },
      "oauth_client": [],
      "api_key": [
        {
          "current_key": "AIzaSyBwMv-y5iVjLubh7k-14b3WN5H-MpEIwbo"
        }
      ],
      "services": {
        "appinvite_service": {
          "other_platform_oauth_client": []
        }
      }
    }
  ],
  "configuration_version": "1"
}